{"stats":{"minecraft:used":{"minecraft:dirt":1},"minecraft:custom":{"minecraft:jump":21,"minecraft:time_since_rest":12757,"minecraft:leave_game":2,"minecraft:play_time":12757,"minecraft:sprint_one_cm":3097,"minecraft:time_since_death":12757,"minecraft:walk_on_water_one_cm":594,"minecraft:walk_one_cm":2072,"minecraft:sneak_time":105,"minecraft:total_world_time":12757,"minecraft:walk_under_water_one_cm":392,"minecraft:fly_one_cm":57789},"minecraft:mined":{"minecraft:grass":1,"minecraft:grass_block":1},"minecraft:picked_up":{"minecraft:dirt":1}},"DataVersion":3465}